File Name,Model Name,Frame,Dust Pixel Ratio,PM1,PM2.5,PM4,PM10,PM30
MVI_8995 19.jpg,Lraspp-MobileNet-V3-Large,0,2.593994140625,2.0712567626953122,2.1784118408203126,2.5507658447265626,3.76097763671875,4.547646044921875
