File Name,Model Name,Frame,Dust Pixel Ratio,PM30,PM10,PM4,PM2.5,PM1
truck-road-dust.jpg,DeepLabV3-MobileNet-V3-Large,0,8.553885655320993,8.57057281734167,7.79224825725912,5.760167425390355,4.984924755090655,4.753803933459979
